{
	"format_version": "1.12.0",
	"minecraft:geometry": [
		{
			"description": {
				"identifier": "geometry.unknown",
				"texture_width": 128,
				"texture_height": 128,
				"visible_bounds_width": 7,
				"visible_bounds_height": 4.5,
				"visible_bounds_offset": [0, 1.75, 0]
			},
			"bones": [
				{
					"name": "bb_main",
					"pivot": [0, 0, 0],
					"cubes": [
						{
							"origin": [-23.51349, 33.36393, -1.29029],
							"size": [8.25725, 7.61551, 6.15435],
							"uv": {
								"north": {"uv": [40.032, 23.032], "uv_size": [7.936, 7.936]},
								"east": {"uv": [0.032, 52.032], "uv_size": [5.936, 7.936]},
								"south": {"uv": [21.032, 42.032], "uv_size": [7.936, 7.936]},
								"west": {"uv": [6.032, 52.032], "uv_size": [5.936, 7.936]},
								"up": {"uv": [25.032, 53.032], "uv_size": [7.936, 5.936]},
								"down": {"uv": [53.032, 32.968], "uv_size": [7.936, -5.936]}
							}
						},
						{
							"origin": [-37.7377, 32.2382, -1.43543],
							"size": [14.5145, 9.96696, 6.64464],
							"uv": {
								"north": {"uv": [10.032, 12.032], "uv_size": [14.936, 9.936]},
								"east": {"uv": [23.032, 32.032], "uv_size": [6.936, 9.936]},
								"south": {"uv": [10.032, 22.032], "uv_size": [14.936, 9.936]},
								"west": {"uv": [30.032, 32.032], "uv_size": [6.936, 9.936]},
								"up": {"uv": [25.032, 12.032], "uv_size": [14.936, 6.936]},
								"down": {"uv": [25.032, 25.968], "uv_size": [14.936, -6.936]}
							}
						},
						{
							"origin": [-35.8348, 27.57755, 0],
							"size": [11.03102, 5.8058, 4.06406],
							"uv": {
								"north": {"uv": [37.032, 32.032], "uv_size": [10.936, 5.936]},
								"east": {"uv": [19.032, 61.032], "uv_size": [3.936, 5.936]},
								"south": {"uv": [10.032, 38.032], "uv_size": [10.936, 5.936]},
								"west": {"uv": [40.032, 62.032], "uv_size": [3.936, 5.936]},
								"up": {"uv": [12.032, 57.032], "uv_size": [10.936, 3.936]},
								"down": {"uv": [57.032, 47.968], "uv_size": [10.936, -3.936]}
							}
						},
						{
							"origin": [-36.99596, 23.51349, -0.29029],
							"size": [13.7145, 4.06406, 4.64464],
							"uv": {
								"north": {"uv": [45.032, 14.032], "uv_size": [13.936, 3.936]},
								"east": {"uv": [4.032, 67.032], "uv_size": [4.936, 3.936]},
								"south": {"uv": [45.032, 18.032], "uv_size": [13.936, 3.936]},
								"west": {"uv": [67.032, 8.032], "uv_size": [4.936, 3.936]},
								"up": {"uv": [37.032, 0.032], "uv_size": [13.936, 4.936]},
								"down": {"uv": [37.032, 9.968], "uv_size": [13.936, -4.936]}
							}
						},
						{
							"origin": [-31.3163, 17.82002, 0.76507],
							"size": [4.2145, 4.06406, 2.54464],
							"pivot": [-22.6076, 18.11031, 0.93594],
							"rotation": [0, 0, 62.5],
							"uv": {
								"north": {"uv": [75.032, 46.032], "uv_size": [3.936, 3.936]},
								"east": {"uv": [41.032, 68.032], "uv_size": [2.936, 3.936]},
								"south": {"uv": [49.032, 75.032], "uv_size": [3.936, 3.936]},
								"west": {"uv": [59.032, 75.032], "uv_size": [2.936, 3.936]},
								"up": {"uv": [75.032, 61.032], "uv_size": [3.936, 2.936]},
								"down": {"uv": [75.032, 66.968], "uv_size": [3.936, -2.936]}
							}
						},
						{
							"origin": [-22.37986, 20.34933, 1.06116],
							"size": [14.80479, 4.06406, 1.95145],
							"pivot": [-14.77545, 22.24971, 2.03203],
							"rotation": [0, 0, -45],
							"uv": {
								"north": {"uv": [42.032, 44.032], "uv_size": [14.936, 3.936]},
								"east": {"uv": [21.032, 38.032], "uv_size": [1.936, 3.936]},
								"south": {"uv": [45.032, 10.032], "uv_size": [14.936, 3.936]},
								"west": {"uv": [38.032, 26.032], "uv_size": [1.936, 3.936]},
								"up": {"uv": [60.032, 48.032], "uv_size": [14.936, 1.936]},
								"down": {"uv": [61.032, 31.968], "uv_size": [14.936, -1.936]}
							}
						},
						{
							"origin": [-40.09916, 15.516, 0.87087],
							"size": [21.27826, 3.48348, 2.32232],
							"uv": {
								"north": {"uv": [42.032, 38.032], "uv_size": [20.936, 2.936]},
								"east": {"uv": [53.032, 75.032], "uv_size": [1.936, 2.936]},
								"south": {"uv": [42.032, 41.032], "uv_size": [20.936, 2.936]},
								"west": {"uv": [76.032, 29.032], "uv_size": [1.936, 2.936]},
								"up": {"uv": [53.032, 36.032], "uv_size": [20.936, 1.936]},
								"down": {"uv": [59.032, 15.968], "uv_size": [20.936, -1.936]}
							}
						},
						{
							"origin": [-38.35742, 18.4189, 0.58058],
							"size": [15.47246, 3.48348, 2.9029],
							"uv": {
								"north": {"uv": [51.032, 6.032], "uv_size": [14.936, 2.936]},
								"east": {"uv": [30.032, 59.032], "uv_size": [2.936, 2.936]},
								"south": {"uv": [53.032, 33.032], "uv_size": [14.936, 2.936]},
								"west": {"uv": [70.032, 54.032], "uv_size": [2.936, 2.936]},
								"up": {"uv": [55.032, 51.032], "uv_size": [14.936, 2.936]},
								"down": {"uv": [55.032, 56.968], "uv_size": [14.936, -2.936]}
							}
						},
						{
							"origin": [-22.88496, 18.4189, 0.78058],
							"size": [4.17246, 3.48348, 2.5029],
							"uv": {
								"north": {"uv": [25.032, 50.032], "uv_size": [3.936, 2.936]},
								"east": {"uv": [76.032, 11.032], "uv_size": [2.936, 2.936]},
								"south": {"uv": [70.032, 24.032], "uv_size": [3.936, 2.936]},
								"west": {"uv": [28.032, 76.032], "uv_size": [2.936, 2.936]},
								"up": {"uv": [74.032, 24.032], "uv_size": [3.936, 2.936]},
								"down": {"uv": [75.032, 60.968], "uv_size": [3.936, -2.936]}
							}
						},
						{
							"origin": [-17.60459, 24.87785, 1.24845],
							"size": [6.67667, 3.48348, 1.56416],
							"pivot": [-11.16015, 23.51349, 0.58058],
							"rotation": [0, 0, 45],
							"uv": {
								"north": {"uv": [55.032, 66.032], "uv_size": [6.936, 2.936]},
								"east": {"uv": [31.032, 76.032], "uv_size": [1.936, 2.936]},
								"south": {"uv": [66.032, 57.032], "uv_size": [6.936, 2.936]},
								"west": {"uv": [76.032, 32.032], "uv_size": [1.936, 2.936]},
								"up": {"uv": [67.032, 12.032], "uv_size": [6.936, 1.936]},
								"down": {"uv": [68.032, 47.968], "uv_size": [6.936, -1.936]}
							}
						},
						{
							"origin": [-38.62158, 18.14312, 0.29029],
							"size": [2.9029, 8.12812, 3.48348],
							"pivot": [-37.44092, 22.26698, 2.03203],
							"rotation": [0, 0, 22.5],
							"uv": {
								"north": {"uv": [34.032, 42.032], "uv_size": [2.936, 7.936]},
								"east": {"uv": [23.032, 65.032], "uv_size": [2.936, 7.936]},
								"south": {"uv": [26.032, 65.032], "uv_size": [2.936, 7.936]},
								"west": {"uv": [44.032, 65.032], "uv_size": [2.936, 7.936]},
								"up": {"uv": [75.032, 72.032], "uv_size": [2.936, 2.936]},
								"down": {"uv": [75.032, 77.968], "uv_size": [2.936, -2.936]}
							}
						},
						{
							"origin": [-37.48655, 21.90238, 0.68058],
							"size": [18.40739, 2.9029, 2.7029],
							"uv": {
								"north": {"uv": [42.032, 48.032], "uv_size": [17.936, 2.936]},
								"east": {"uv": [0.032, 76.032], "uv_size": [2.936, 2.936]},
								"south": {"uv": [0.032, 49.032], "uv_size": [17.936, 2.936]},
								"west": {"uv": [76.032, 8.032], "uv_size": [2.936, 2.936]},
								"up": {"uv": [51.032, 0.032], "uv_size": [17.936, 2.936]},
								"down": {"uv": [51.032, 5.968], "uv_size": [17.936, -2.936]}
							}
						},
						{
							"origin": [-21.5206, 18.70919, 0.87087],
							"size": [10.53753, 4.35435, 2.32232],
							"pivot": [-21.03001, 22.06204, 0.58058],
							"rotation": [0, 0, -45],
							"uv": {
								"north": {"uv": [55.032, 57.032], "uv_size": [10.936, 3.936]},
								"east": {"uv": [59.032, 23.032], "uv_size": [1.936, 3.936]},
								"south": {"uv": [33.032, 58.032], "uv_size": [10.936, 3.936]},
								"west": {"uv": [21.032, 67.032], "uv_size": [1.936, 3.936]},
								"up": {"uv": [66.032, 6.032], "uv_size": [10.936, 1.936]},
								"down": {"uv": [66.032, 28.968], "uv_size": [10.936, -1.936]}
							}
						},
						{
							"origin": [-39.51076, 37.02338, -0.67708],
							"size": [6.66646, 6.66646, 4.95815],